passage_id	cohort	segment_id	cumulative_start_day	cumulative_end_day	initial_population_size	initial_population_source	n_terminal_population_records	terminal_population_size_median	terminal_population_size_min	terminal_population_size_max	terminal_population_sources	initial_population_measured	terminal_population_measured	population_measurement_complete	source_snapshot
SUM-159_NLS_2N_A5_seed	2N	20.5	0	14	17772025	correctedCount	1	20424642	20424642	20424642	correctedCount	TRUE	TRUE	TRUE	/Users/4482173/Documents/GitHub/soft_coupling/data/InVitroData/cloneid_passaging_sum159_snapshot_20260731.tsv
SUM-159_NLS_2N_A5M_seed	2N	20.5_20.5	14	28	1094514	correctedCount	1	9547021	9547021	9547021	correctedCount	TRUE	TRUE	TRUE	/Users/4482173/Documents/GitHub/soft_coupling/data/InVitroData/cloneid_passaging_sum159_snapshot_20260731.tsv
SUM-159_NLS_2N_dp_seed	2N	20.5_20.5	14	28	1105060	correctedCount	1	10788818	10788818	10788818	correctedCount	TRUE	TRUE	TRUE	/Users/4482173/Documents/GitHub/soft_coupling/data/InVitroData/cloneid_passaging_sum159_snapshot_20260731.tsv
SUM-159_NLS_2N_MRCA_seed	2N	20.5_20.5	14	28	2417319	correctedCount	1	4330380	4330380	4330380	correctedCount	TRUE	TRUE	TRUE	/Users/4482173/Documents/GitHub/soft_coupling/data/InVitroData/cloneid_passaging_sum159_snapshot_20260731.tsv
SUM-159_NLS_2N_A6M_seed	2N	20.5_20.5_20.5	28	31	2656020	correctedCount	1	22134636	22134636	22134636	correctedCount	TRUE	TRUE	TRUE	/Users/4482173/Documents/GitHub/soft_coupling/data/InVitroData/cloneid_passaging_sum159_snapshot_20260731.tsv
SUM-159_NLS_2N_C_A1_seed	2N	20.5_20.5_20.5	28	31	614919	correctedCount	1	7782898	7782898	7782898	correctedCount	TRUE	TRUE	TRUE	/Users/4482173/Documents/GitHub/soft_coupling/data/InVitroData/cloneid_passaging_sum159_snapshot_20260731.tsv
SUM-159_NLS_2N_O1_A1_seed	2N	20.5_20.5_2	28	31	763799	correctedCount	1	6742373	6742373	6742373	correctedCount	TRUE	TRUE	TRUE	/Users/4482173/Documents/GitHub/soft_coupling/data/InVitroData/cloneid_passaging_sum159_snapshot_20260731.tsv
SUM-159_NLS_2N_O2_A1_seed	2N	20.5_20.5_2	28	31	580562	correctedCount	1	6323079	6323079	6323079	correctedCount	TRUE	TRUE	TRUE	/Users/4482173/Documents/GitHub/soft_coupling/data/InVitroData/cloneid_passaging_sum159_snapshot_20260731.tsv
SUM-159_NLS_2N_A7M_K_seed	2N	20.5_20.5_20.5_20.5	31	33	6687683	correctedCount	1	6828616	6828616	6828616	correctedCount	TRUE	TRUE	TRUE	/Users/4482173/Documents/GitHub/soft_coupling/data/InVitroData/cloneid_passaging_sum159_snapshot_20260731.tsv
SUM-159_NLS_2N_C_A2_seed	2N	20.5_20.5_20.5_20.5	31	33	401065	correctedCount	1	4009244	4009244	4009244	correctedCount	TRUE	TRUE	TRUE	/Users/4482173/Documents/GitHub/soft_coupling/data/InVitroData/cloneid_passaging_sum159_snapshot_20260731.tsv
SUM-159_NLS_2N_O1_A2_seed	2N	20.5_20.5_2_1	31	36	404570	correctedCount	2	3572069.5	832980	6311159	correctedCount	TRUE	TRUE	TRUE	/Users/4482173/Documents/GitHub/soft_coupling/data/InVitroData/cloneid_passaging_sum159_snapshot_20260731.tsv
SUM-159_NLS_2N_O2_A2_seed	2N	20.5_20.5_2_1	31	36	366708	correctedCount	2	3463389.5	653483	6273296	correctedCount	TRUE	TRUE	TRUE	/Users/4482173/Documents/GitHub/soft_coupling/data/InVitroData/cloneid_passaging_sum159_snapshot_20260731.tsv
SUM-159_NLS_2N_C_A3_seed	2N	20.5_20.5_20.5_20.5_20.5	33	34	749542	correctedCount	1	6146386	6146386	6146386	correctedCount	TRUE	TRUE	TRUE	/Users/4482173/Documents/GitHub/soft_coupling/data/InVitroData/cloneid_passaging_sum159_snapshot_20260731.tsv
SUM-159_NLS_2N_O1_A3_seed	2N	20.5_20.5_2_1_0.5	36	41	396157	correctedCount	2	4541776.5	1989196	7094357	correctedCount	TRUE	TRUE	TRUE	/Users/4482173/Documents/GitHub/soft_coupling/data/InVitroData/cloneid_passaging_sum159_snapshot_20260731.tsv
SUM-159_NLS_2N_O2_A3_seed	2N	20.5_20.5_2_1_0.5	36	41	402467	correctedCount	2	4872374	2097175	7647573	correctedCount	TRUE	TRUE	TRUE	/Users/4482173/Documents/GitHub/soft_coupling/data/InVitroData/cloneid_passaging_sum159_snapshot_20260731.tsv
SUM-159_NLS_2N_C_A4_seed	2N	20.5_20.5_20.5_20.5_20.5_20.5	34	37	398961	correctedCount	1	5884151	5884151	5884151	correctedCount	TRUE	TRUE	TRUE	/Users/4482173/Documents/GitHub/soft_coupling/data/InVitroData/cloneid_passaging_sum159_snapshot_20260731.tsv
SUM-159_NLS_2N_O1_A4_seed	2N	20.5_20.5_2_1_0.5_0.3	41	46	546906	correctedCount	2	4789988	2552931	7027045	correctedCount	TRUE	TRUE	TRUE	/Users/4482173/Documents/GitHub/soft_coupling/data/InVitroData/cloneid_passaging_sum159_snapshot_20260731.tsv
SUM-159_NLS_2N_O2_A4_seed	2N	20.5_20.5_2_1_0.5_0.3	41	46	523768	correctedCount	2	4819437	2454067	7184807	correctedCount	TRUE	TRUE	TRUE	/Users/4482173/Documents/GitHub/soft_coupling/data/InVitroData/cloneid_passaging_sum159_snapshot_20260731.tsv
SUM-159_NLS_2N_C_A5_seed	2N	20.5_20.5_20.5_20.5_20.5_20.5_20.5	37	39	807037	correctedCount	1	7320131	7320131	7320131	correctedCount	TRUE	TRUE	TRUE	/Users/4482173/Documents/GitHub/soft_coupling/data/InVitroData/cloneid_passaging_sum159_snapshot_20260731.tsv
SUM-159_NLS_2N_O1_A5_seed	2N	20.5_20.5_2_1_0.5_0.3_0.2	46	51	733415	correctedCount	2	7854065.5	3898460	11809671	correctedCount	TRUE	TRUE	TRUE	/Users/4482173/Documents/GitHub/soft_coupling/data/InVitroData/cloneid_passaging_sum159_snapshot_20260731.tsv
SUM-159_NLS_2N_O2_A5_seed	2N	20.5_20.5_2_1_0.5_0.3_0.2	46	51	809842	correctedCount	2	8561187.5	5202622	11919753	correctedCount	TRUE	TRUE	TRUE	/Users/4482173/Documents/GitHub/soft_coupling/data/InVitroData/cloneid_passaging_sum159_snapshot_20260731.tsv
SUM-159_NLS_2N_C_A6_seed	2N	20.5_20.5_20.5_20.5_20.5_20.5_20.5_20.5	39	42	352684	correctedCount	1	4501460	4501460	4501460	correctedCount	TRUE	TRUE	TRUE	/Users/4482173/Documents/GitHub/soft_coupling/data/InVitroData/cloneid_passaging_sum159_snapshot_20260731.tsv
SUM-159_NLS_2N_O1_A6_seed	2N	20.5_20.5_2_1_0.5_0.3_0.2_0.1	51	56	480997	correctedCount	2	5206829	2397273	8016385	correctedCount	TRUE	TRUE	TRUE	/Users/4482173/Documents/GitHub/soft_coupling/data/InVitroData/cloneid_passaging_sum159_snapshot_20260731.tsv
SUM-159_NLS_2N_O2_A6_seed	2N	20.5_20.5_2_1_0.5_0.3_0.2_0.1	51	56	480296	correctedCount	2	5053274.5	2341180	7765369	correctedCount	TRUE	TRUE	TRUE	/Users/4482173/Documents/GitHub/soft_coupling/data/InVitroData/cloneid_passaging_sum159_snapshot_20260731.tsv
SUM-159_NLS_2N_C_A7_seed	2N	20.5_20.5_20.5_20.5_20.5_20.5_20.5_20.5_20.5	42	44	692047	correctedCount	1	6053832	6053832	6053832	correctedCount	TRUE	TRUE	TRUE	/Users/4482173/Documents/GitHub/soft_coupling/data/InVitroData/cloneid_passaging_sum159_snapshot_20260731.tsv
SUM-159_NLS_2N_O1_A7_seed	2N	20.5_20.5_2_1_0.5_0.3_0.2_0.1_0	56	61	365305	correctedCount	2	4859754	2846718	6872790	correctedCount	TRUE	TRUE	TRUE	/Users/4482173/Documents/GitHub/soft_coupling/data/InVitroData/cloneid_passaging_sum159_snapshot_20260731.tsv
SUM-159_NLS_2N_O2_A7_seed	2N	20.5_20.5_2_1_0.5_0.3_0.2_0.1_0	56	61	420697	correctedCount	2	5137764.5	3033928	7241601	correctedCount	TRUE	TRUE	TRUE	/Users/4482173/Documents/GitHub/soft_coupling/data/InVitroData/cloneid_passaging_sum159_snapshot_20260731.tsv
SUM-159_NLS_2N_C_A8_seed	2N	20.5_20.5_20.5_20.5_20.5_20.5_20.5_20.5_20.5_20.5	44	47	1127468	correctedCount	1	10859596	10859596	10859596	correctedCount	TRUE	TRUE	TRUE	/Users/4482173/Documents/GitHub/soft_coupling/data/InVitroData/cloneid_passaging_sum159_snapshot_20260731.tsv
SUM-159_NLS_2N_O1_A7K_seed	2N	20.5_20.5_2_1_0.5_0.3_0.2_0.1_0_1	61	75	1238953	correctedCount	1	5666791	5666791	5666791	correctedCount	TRUE	TRUE	TRUE	/Users/4482173/Documents/GitHub/soft_coupling/data/InVitroData/cloneid_passaging_sum159_snapshot_20260731.tsv
SUM-159_NLS_2N_O2_A7K_seed	2N	20.5_20.5_2_1_0.5_0.3_0.2_0.1_0_1	61	75	1596546	correctedCount	1	6597233	6597233	6597233	correctedCount	TRUE	TRUE	TRUE	/Users/4482173/Documents/GitHub/soft_coupling/data/InVitroData/cloneid_passaging_sum159_snapshot_20260731.tsv
SUM-159_NLS_2N_O1_A8_seed	2N	20.5_20.5_2_1_0.5_0.3_0.2_0.1_0_0	61	65	273453	correctedCount	2	2499196	729652	4268740	correctedCount	TRUE	TRUE	TRUE	/Users/4482173/Documents/GitHub/soft_coupling/data/InVitroData/cloneid_passaging_sum159_snapshot_20260731.tsv
SUM-159_NLS_2N_O2_A8_seed	2N	20.5_20.5_2_1_0.5_0.3_0.2_0.1_0_0	61	65	291683	correctedCount	2	4111670.5	807630	7415711	correctedCount	TRUE	TRUE	TRUE	/Users/4482173/Documents/GitHub/soft_coupling/data/InVitroData/cloneid_passaging_sum159_snapshot_20260731.tsv
SUM-159_NLS_2N_C_A9_seed	2N	20.5_20.5_20.5_20.5_20.5_20.5_20.5_20.5_20.5_20.5_20.5	47	49	839992	correctedCount	1	7082437	7082437	7082437	correctedCount	TRUE	TRUE	TRUE	/Users/4482173/Documents/GitHub/soft_coupling/data/InVitroData/cloneid_passaging_sum159_snapshot_20260731.tsv
SUM-159_NLS_2N_O1_A9_seed	2N	20.5_20.5_2_1_0.5_0.3_0.2_0.1_0_0_0	65	72	433335	correctedCount	3	5298050	1072755	8047333	correctedCount	TRUE	TRUE	TRUE	/Users/4482173/Documents/GitHub/soft_coupling/data/InVitroData/cloneid_passaging_sum159_snapshot_20260731.tsv
SUM-159_NLS_2N_O2_A9_seed	2N	20.5_20.5_2_1_0.5_0.3_0.2_0.1_0_0_0	65	72	385434	correctedCount	3	2743713	595975	5507477	correctedCount	TRUE	TRUE	TRUE	/Users/4482173/Documents/GitHub/soft_coupling/data/InVitroData/cloneid_passaging_sum159_snapshot_20260731.tsv
SUM-159_NLS_2N_C_A10_seed	2N	20.5_20.5_20.5_20.5_20.5_20.5_20.5_20.5_20.5_20.5_20.5_20.5	49	52	797221	correctedCount	1	10161940	10161940	10161940	correctedCount	TRUE	TRUE	TRUE	/Users/4482173/Documents/GitHub/soft_coupling/data/InVitroData/cloneid_passaging_sum159_snapshot_20260731.tsv
SUM-159_NLS_2N_O1_A10_seed	2N	20.5_20.5_2_1_0.5_0.3_0.2_0.1_0_0_0_0	72	77	745247	correctedCount	2	6850370	5057432	8643308	correctedCount	TRUE	TRUE	TRUE	/Users/4482173/Documents/GitHub/soft_coupling/data/InVitroData/cloneid_passaging_sum159_snapshot_20260731.tsv
SUM-159_NLS_2N_O2_A10_seed	2N	20.5_20.5_2_1_0.5_0.3_0.2_0.1_0_0_0_0	72	77	675067	correctedCount	2	4860816.5	3177048	6544585	correctedCount	TRUE	TRUE	TRUE	/Users/4482173/Documents/GitHub/soft_coupling/data/InVitroData/cloneid_passaging_sum159_snapshot_20260731.tsv
SUM-159_NLS_2N_C_A11_seed	2N	20.5_20.5_20.5_20.5_20.5_20.5_20.5_20.5_20.5_20.5_20.5_20.5_20.5	52	54	372317	correctedCount	1	4017658	4017658	4017658	correctedCount	TRUE	TRUE	TRUE	/Users/4482173/Documents/GitHub/soft_coupling/data/InVitroData/cloneid_passaging_sum159_snapshot_20260731.tsv
SUM-159_NLS_2N_O1_A11_seed	2N	20.5_20.5_2_1_0.5_0.3_0.2_0.1_0_0_0_0_0	77	82	491262	correctedCount	2	4370111.5	2923062	5817161	correctedCount	TRUE	TRUE	TRUE	/Users/4482173/Documents/GitHub/soft_coupling/data/InVitroData/cloneid_passaging_sum159_snapshot_20260731.tsv
SUM-159_NLS_2N_O2_A11_seed	2N	20.5_20.5_2_1_0.5_0.3_0.2_0.1_0_0_0_0_0	77	82	520225	correctedCount	2	3920624.5	2155536	5685713	correctedCount	TRUE	TRUE	TRUE	/Users/4482173/Documents/GitHub/soft_coupling/data/InVitroData/cloneid_passaging_sum159_snapshot_20260731.tsv
SUM-159_NLS_2N_C_A12_seed	2N	20.5_20.5_20.5_20.5_20.5_20.5_20.5_20.5_20.5_20.5_20.5_20.5_20.5_20.5	54	57	441031	correctedCount	1	6546749	6546749	6546749	correctedCount	TRUE	TRUE	TRUE	/Users/4482173/Documents/GitHub/soft_coupling/data/InVitroData/cloneid_passaging_sum159_snapshot_20260731.tsv
SUM-159_NLS_2N_O1_A12_seed	2N	20.5_20.5_2_1_0.5_0.3_0.2_0.1_0_0_0_0_0_0	82	89	414398	correctedCount	3	4665314	2025201	8287951	correctedCount	TRUE	TRUE	TRUE	/Users/4482173/Documents/GitHub/soft_coupling/data/InVitroData/cloneid_passaging_sum159_snapshot_20260731.tsv
SUM-159_NLS_2N_O2_A12_seed	2N	20.5_20.5_2_1_0.5_0.3_0.2_0.1_0_0_0_0_0_0	82	89	364269	correctedCount	3	3728464	1252104	7249729	correctedCount	TRUE	TRUE	TRUE	/Users/4482173/Documents/GitHub/soft_coupling/data/InVitroData/cloneid_passaging_sum159_snapshot_20260731.tsv
SUM-159_NLS_2N_O1_A13_seed	2N	20.5_20.5_2_1_0.5_0.3_0.2_0.1_0_0_0_0_0_0_0	89	95	639420	correctedCount	2	4506573.5	1146277	7866870	correctedCount	TRUE	TRUE	TRUE	/Users/4482173/Documents/GitHub/soft_coupling/data/InVitroData/cloneid_passaging_sum159_snapshot_20260731.tsv
SUM-159_NLS_2N_O2_A13_seed	2N	20.5_20.5_2_1_0.5_0.3_0.2_0.1_0_0_0_0_0_0_0	89	95	563670	correctedCount	2	4847449	1243193	8451705	correctedCount	TRUE	TRUE	TRUE	/Users/4482173/Documents/GitHub/soft_coupling/data/InVitroData/cloneid_passaging_sum159_snapshot_20260731.tsv
SUM-159_NLS_2N_O1_A14_seed	2N	20.5_20.5_2_1_0.5_0.3_0.2_0.1_0_0_0_0_0_0_0_0	95	102	485692	correctedCount	3	2447396	773839	5816047	correctedCount	TRUE	TRUE	TRUE	/Users/4482173/Documents/GitHub/soft_coupling/data/InVitroData/cloneid_passaging_sum159_snapshot_20260731.tsv
SUM-159_NLS_2N_O2_A14_seed	2N	20.5_20.5_2_1_0.5_0.3_0.2_0.1_0_0_0_0_0_0_0_0	95	102	455615	correctedCount	3	3922295	796490	6241585	correctedCount	TRUE	TRUE	TRUE	/Users/4482173/Documents/GitHub/soft_coupling/data/InVitroData/cloneid_passaging_sum159_snapshot_20260731.tsv
SUM-159_NLS_2N_O1_A15_seed	2N	20.5_20.5_2_1_0.5_0.3_0.2_0.1_0_0_0_0_0_0_0_0_0	102	106	722968	correctedCount	2	3516252	2122116	4910388	correctedCount	TRUE	TRUE	TRUE	/Users/4482173/Documents/GitHub/soft_coupling/data/InVitroData/cloneid_passaging_sum159_snapshot_20260731.tsv
SUM-159_NLS_2N_O2_A15_seed	2N	20.5_20.5_2_1_0.5_0.3_0.2_0.1_0_0_0_0_0_0_0_0_0	102	106	915685	correctedCount	2	4474825	2742599	6207051	correctedCount	TRUE	TRUE	TRUE	/Users/4482173/Documents/GitHub/soft_coupling/data/InVitroData/cloneid_passaging_sum159_snapshot_20260731.tsv
SUM-159_NLS_2N_O1_A16_seed	2N	20.5_20.5_2_1_0.5_0.3_0.2_0.1_0_0_0_0_0_0_0_0_0_0	106	115	451159	correctedCount	4	4238106	1763418	8159844	correctedCount	TRUE	TRUE	TRUE	/Users/4482173/Documents/GitHub/soft_coupling/data/InVitroData/cloneid_passaging_sum159_snapshot_20260731.tsv
SUM-159_NLS_2N_O2_A16_seed	2N	20.5_20.5_2_1_0.5_0.3_0.2_0.1_0_0_0_0_0_0_0_0_0_0	106	115	467868	correctedCount	4	3845988	1684326	5397194	correctedCount	TRUE	TRUE	TRUE	/Users/4482173/Documents/GitHub/soft_coupling/data/InVitroData/cloneid_passaging_sum159_snapshot_20260731.tsv
SUM-159_NLS_2N_O1_A17_seed	2N	20.5_20.5_2_1_0.5_0.3_0.2_0.1_0_0_0_0_0_0_0_0_0_0_0	115	122	394346	correctedCount	3	3766339	831023	7737649	correctedCount	TRUE	TRUE	TRUE	/Users/4482173/Documents/GitHub/soft_coupling/data/InVitroData/cloneid_passaging_sum159_snapshot_20260731.tsv
SUM-159_NLS_2N_O2_A17_seed	2N	20.5_20.5_2_1_0.5_0.3_0.2_0.1_0_0_0_0_0_0_0_0_0_0_0	115	122	363155	correctedCount	3	4280994	926825	7128306	correctedCount	TRUE	TRUE	TRUE	/Users/4482173/Documents/GitHub/soft_coupling/data/InVitroData/cloneid_passaging_sum159_snapshot_20260731.tsv
SUM-159_NLS_2N_O1_A18_seed	2N	20.5_20.5_2_1_0.5_0.3_0.2_0.1_0_0_0_0_0_0_0_0_0_0_0_0	122	127	578151	correctedCount	2	6610309	3081246	10139372	correctedCount	TRUE	TRUE	TRUE	/Users/4482173/Documents/GitHub/soft_coupling/data/InVitroData/cloneid_passaging_sum159_snapshot_20260731.tsv
SUM-159_NLS_2N_O2_A18_seed	2N	20.5_20.5_2_1_0.5_0.3_0.2_0.1_0_0_0_0_0_0_0_0_0_0_0_0	122	127	642762	correctedCount	2	6647627.5	3404298	9890957	correctedCount	TRUE	TRUE	TRUE	/Users/4482173/Documents/GitHub/soft_coupling/data/InVitroData/cloneid_passaging_sum159_snapshot_20260731.tsv
SUM-159_NLS_2N_O1_A19_seed	2N	20.5_20.5_2_1_0.5_0.3_0.2_0.1_0_0_0_0_0_0_0_0_0_0_0_0_0	127	132	1129568	correctedCount	2	10906899	7860186	13953612	correctedCount	TRUE	TRUE	TRUE	/Users/4482173/Documents/GitHub/soft_coupling/data/InVitroData/cloneid_passaging_sum159_snapshot_20260731.tsv
SUM-159_NLS_2N_O2_A19_seed	2N	20.5_20.5_2_1_0.5_0.3_0.2_0.1_0_0_0_0_0_0_0_0_0_0_0_0_0	127	132	1088351	correctedCount	2	8843823	6967894	10719752	correctedCount	TRUE	TRUE	TRUE	/Users/4482173/Documents/GitHub/soft_coupling/data/InVitroData/cloneid_passaging_sum159_snapshot_20260731.tsv
SUM-159_NLS_2N_O1_A20_seed	2N	20.5_20.5_2_1_0.5_0.3_0.2_0.1_0_0_0_0_0_0_0_0_0_0_0_0_0_0	132	137	588177	correctedCount	2	3301255.5	1223141	5379370	correctedCount	TRUE	TRUE	TRUE	/Users/4482173/Documents/GitHub/soft_coupling/data/InVitroData/cloneid_passaging_sum159_snapshot_20260731.tsv
SUM-159_NLS_2N_O2_A20_seed	2N	20.5_20.5_2_1_0.5_0.3_0.2_0.1_0_0_0_0_0_0_0_0_0_0_0_0_0_0	132	137	568126	correctedCount	2	2957595.5	1109516	4805675	correctedCount	TRUE	TRUE	TRUE	/Users/4482173/Documents/GitHub/soft_coupling/data/InVitroData/cloneid_passaging_sum159_snapshot_20260731.tsv
SUM-159_NLS_2N_O1_A21_seed	2N	20.5_20.5_2_1_0.5_0.3_0.2_0.1_0_0_0_0_0_0_0_0_0_0_0_0_0_0_0	137	142	585949	correctedCount	2	4167926	1763418	6572434	correctedCount	TRUE	TRUE	TRUE	/Users/4482173/Documents/GitHub/soft_coupling/data/InVitroData/cloneid_passaging_sum159_snapshot_20260731.tsv
SUM-159_NLS_2N_O2_A21_seed	2N	20.5_20.5_2_1_0.5_0.3_0.2_0.1_0_0_0_0_0_0_0_0_0_0_0_0_0_0_0	137	142	524681	correctedCount	2	3258368	1388009	5128727	correctedCount	TRUE	TRUE	TRUE	/Users/4482173/Documents/GitHub/soft_coupling/data/InVitroData/cloneid_passaging_sum159_snapshot_20260731.tsv
SUM-159_NLS_2N_O1_A22_seed	2N	20.5_20.5_2_1_0.5_0.3_0.2_0.1_0_0_0_0_0_0_0_0_0_0_0_0_0_0_0_0	142	145	502401	correctedCount	1	4186306	4186306	4186306	correctedCount	TRUE	TRUE	TRUE	/Users/4482173/Documents/GitHub/soft_coupling/data/InVitroData/cloneid_passaging_sum159_snapshot_20260731.tsv
SUM-159_NLS_2N_O2_A22_seed	2N	20.5_20.5_2_1_0.5_0.3_0.2_0.1_0_0_0_0_0_0_0_0_0_0_0_0_0_0_0_0	142	145	567012	correctedCount	1	3580306	3580306	3580306	correctedCount	TRUE	TRUE	TRUE	/Users/4482173/Documents/GitHub/soft_coupling/data/InVitroData/cloneid_passaging_sum159_snapshot_20260731.tsv
SUM-159_NLS_2N_O1_A23_seed	2N	20.5_20.5_2_1_0.5_0.3_0.2_0.1_0_0_0_0_0_0_0_0_0_0_0_0_0_0_0_0_0	145	150	694004	correctedCount	2	5711334	4067111	7355557	correctedCount	TRUE	TRUE	TRUE	/Users/4482173/Documents/GitHub/soft_coupling/data/InVitroData/cloneid_passaging_sum159_snapshot_20260731.tsv
SUM-159_NLS_2N_O2_A23_seed	2N	20.5_20.5_2_1_0.5_0.3_0.2_0.1_0_0_0_0_0_0_0_0_0_0_0_0_0_0_0_0_0	145	150	571468	correctedCount	2	5095307.5	3224949	6965666	correctedCount	TRUE	TRUE	TRUE	/Users/4482173/Documents/GitHub/soft_coupling/data/InVitroData/cloneid_passaging_sum159_snapshot_20260731.tsv
SUM-159_NLS_4N_A2_seed	4N	20.5	0	14	3419394	cellCount	2	8217576	5175051	11260101	cellCount	TRUE	TRUE	TRUE	/Users/4482173/Documents/GitHub/soft_coupling/data/InVitroData/cloneid_passaging_sum159_snapshot_20260731.tsv
SUM-159_NLS_4N_A3_seed	4N	20.5_20.5	14	28	1443131	cellCount	3	3874394	2077374	8833434	cellCount	TRUE	TRUE	TRUE	/Users/4482173/Documents/GitHub/soft_coupling/data/InVitroData/cloneid_passaging_sum159_snapshot_20260731.tsv
SUM-159_NLS_4N_dp_seed	4N	20.5_20.5	14	28	935736	correctedCount	1	6363008	6363008	6363008	correctedCount	TRUE	TRUE	TRUE	/Users/4482173/Documents/GitHub/soft_coupling/data/InVitroData/cloneid_passaging_sum159_snapshot_20260731.tsv
SUM-159_NLS_4N_MRCA_seed	4N	20.5_20.5	14	28	1552877	correctedCount	1	3071592	3071592	3071592	correctedCount	TRUE	TRUE	TRUE	/Users/4482173/Documents/GitHub/soft_coupling/data/InVitroData/cloneid_passaging_sum159_snapshot_20260731.tsv
SUM-159_NLS_4N_A3M_seed	4N	20.5_20.5_20.5	28	31	605804	correctedCount	1	6734661	6734661	6734661	correctedCount	TRUE	TRUE	TRUE	/Users/4482173/Documents/GitHub/soft_coupling/data/InVitroData/cloneid_passaging_sum159_snapshot_20260731.tsv
SUM-159_NLS_4N_C_A1_seed	4N	20.5_20.5_20.5	28	31	987937	correctedCount	1	6428954	6428954	6428954	correctedCount	TRUE	TRUE	TRUE	/Users/4482173/Documents/GitHub/soft_coupling/data/InVitroData/cloneid_passaging_sum159_snapshot_20260731.tsv
SUM-159_NLS_4N_O1_A1_seed	4N	20.5_20.5_2	28	31	1496747	correctedCount	1	5464856	5464856	5464856	correctedCount	TRUE	TRUE	TRUE	/Users/4482173/Documents/GitHub/soft_coupling/data/InVitroData/cloneid_passaging_sum159_snapshot_20260731.tsv
SUM-159_NLS_4N_O2_A1_seed	4N	20.5_20.5_2	28	31	1201324	correctedCount	1	4830305	4830305	4830305	correctedCount	TRUE	TRUE	TRUE	/Users/4482173/Documents/GitHub/soft_coupling/data/InVitroData/cloneid_passaging_sum159_snapshot_20260731.tsv
SUM-159_NLS_4N_A4M_seed	4N	20.5_20.5_20.5_20.5	31	33	1470084	correctedCount	1	13259683	13259683	13259683	correctedCount	TRUE	TRUE	TRUE	/Users/4482173/Documents/GitHub/soft_coupling/data/InVitroData/cloneid_passaging_sum159_snapshot_20260731.tsv
SUM-159_NLS_4N_C_A2_seed	4N	20.5_20.5_20.5_20.5	31	33	575654	correctedCount	1	4791040	4791040	4791040	correctedCount	TRUE	TRUE	TRUE	/Users/4482173/Documents/GitHub/soft_coupling/data/InVitroData/cloneid_passaging_sum159_snapshot_20260731.tsv
SUM-159_NLS_4N_O1_A2_seed	4N	20.5_20.5_2_1	31	36	469077	correctedCount	2	1978679	675920	3281438	correctedCount	TRUE	TRUE	TRUE	/Users/4482173/Documents/GitHub/soft_coupling/data/InVitroData/cloneid_passaging_sum159_snapshot_20260731.tsv
SUM-159_NLS_4N_O2_A2_seed	4N	20.5_20.5_2_1	31	36	462066	correctedCount	2	2203752	744634	3662870	correctedCount	TRUE	TRUE	TRUE	/Users/4482173/Documents/GitHub/soft_coupling/data/InVitroData/cloneid_passaging_sum159_snapshot_20260731.tsv
SUM-159_NLS_4N_A5M_K_seed	4N	20.5_20.5_20.5_20.5_20.5	33	34	4827500	correctedCount	1	8121559	8121559	8121559	correctedCount	TRUE	TRUE	TRUE	/Users/4482173/Documents/GitHub/soft_coupling/data/InVitroData/cloneid_passaging_sum159_snapshot_20260731.tsv
SUM-159_NLS_4N_C_A3_seed	4N	20.5_20.5_20.5_20.5_20.5	33	34	427709	correctedCount	1	2982042	2982042	2982042	correctedCount	TRUE	TRUE	TRUE	/Users/4482173/Documents/GitHub/soft_coupling/data/InVitroData/cloneid_passaging_sum159_snapshot_20260731.tsv
SUM-159_NLS_4N_O1_A3_seed	4N	20.5_20.5_2_1_0.5	36	41	979523	correctedCount	2	4921456	3877426	5965486	correctedCount	TRUE	TRUE	TRUE	/Users/4482173/Documents/GitHub/soft_coupling/data/InVitroData/cloneid_passaging_sum159_snapshot_20260731.tsv
SUM-159_NLS_4N_O2_A3_seed	4N	20.5_20.5_2_1_0.5	36	41	990041	correctedCount	2	4623812.5	3926507	5321118	correctedCount	TRUE	TRUE	TRUE	/Users/4482173/Documents/GitHub/soft_coupling/data/InVitroData/cloneid_passaging_sum159_snapshot_20260731.tsv
SUM-159_NLS_4N_C_A4_seed	4N	20.5_20.5_20.5_20.5_20.5_20.5	34	37	448744	correctedCount	1	6498369	6498369	6498369	correctedCount	TRUE	TRUE	TRUE	/Users/4482173/Documents/GitHub/soft_coupling/data/InVitroData/cloneid_passaging_sum159_snapshot_20260731.tsv
SUM-159_NLS_4N_O1_A4_seed	4N	20.5_20.5_2_1_0.5_0.3	41	46	477491	correctedCount	2	3551034.5	1970966	5131103	correctedCount	TRUE	TRUE	TRUE	/Users/4482173/Documents/GitHub/soft_coupling/data/InVitroData/cloneid_passaging_sum159_snapshot_20260731.tsv
SUM-159_NLS_4N_O2_A4_seed	4N	20.5_20.5_2_1_0.5_0.3	41	46	572148	correctedCount	2	3844120.5	1879815	5808426	correctedCount	TRUE	TRUE	TRUE	/Users/4482173/Documents/GitHub/soft_coupling/data/InVitroData/cloneid_passaging_sum159_snapshot_20260731.tsv
SUM-159_NLS_4N_C_A5_seed	4N	20.5_20.5_20.5_20.5_20.5_20.5_20.5	37	39	884866	correctedCount	1	9118611	9118611	9118611	correctedCount	TRUE	TRUE	TRUE	/Users/4482173/Documents/GitHub/soft_coupling/data/InVitroData/cloneid_passaging_sum159_snapshot_20260731.tsv
SUM-159_NLS_4N_O1_A5_seed	4N	20.5_20.5_2_1_0.5_0.3_0.2	46	51	487308	correctedCount	2	4456585	2646886	6266284	correctedCount	TRUE	TRUE	TRUE	/Users/4482173/Documents/GitHub/soft_coupling/data/InVitroData/cloneid_passaging_sum159_snapshot_20260731.tsv
SUM-159_NLS_4N_O2_A5_seed	4N	20.5_20.5_2_1_0.5_0.3_0.2	46	51	584068	correctedCount	2	5166512	3260403	7072621	correctedCount	TRUE	TRUE	TRUE	/Users/4482173/Documents/GitHub/soft_coupling/data/InVitroData/cloneid_passaging_sum159_snapshot_20260731.tsv
SUM-159_NLS_4N_C_A6_seed	4N	20.5_20.5_20.5_20.5_20.5_20.5_20.5_20.5	39	42	411582	correctedCount	1	7374120	7374120	7374120	correctedCount	TRUE	TRUE	TRUE	/Users/4482173/Documents/GitHub/soft_coupling/data/InVitroData/cloneid_passaging_sum159_snapshot_20260731.tsv
SUM-159_NLS_4N_O1_A6_seed	4N	20.5_20.5_2_1_0.5_0.3_0.2_0.1	51	56	647172	correctedCount	2	3919145	2656703	5181587	correctedCount	TRUE	TRUE	TRUE	/Users/4482173/Documents/GitHub/soft_coupling/data/InVitroData/cloneid_passaging_sum159_snapshot_20260731.tsv
SUM-159_NLS_4N_O2_A6_seed	4N	20.5_20.5_2_1_0.5_0.3_0.2_0.1	51	56	530780	correctedCount	2	4191546	2095773	6287319	correctedCount	TRUE	TRUE	TRUE	/Users/4482173/Documents/GitHub/soft_coupling/data/InVitroData/cloneid_passaging_sum159_snapshot_20260731.tsv
SUM-159_NLS_4N_C_A7_seed	4N	20.5_20.5_20.5_20.5_20.5_20.5_20.5_20.5_20.5	42	44	621931	correctedCount	1	6654027	6654027	6654027	correctedCount	TRUE	TRUE	TRUE	/Users/4482173/Documents/GitHub/soft_coupling/data/InVitroData/cloneid_passaging_sum159_snapshot_20260731.tsv
SUM-159_NLS_4N_O1_A7_seed	4N	20.5_20.5_2_1_0.5_0.3_0.2_0.1_0	56	61	267844	correctedCount	2	3437446.5	1750801	5124092	correctedCount	TRUE	TRUE	TRUE	/Users/4482173/Documents/GitHub/soft_coupling/data/InVitroData/cloneid_passaging_sum159_snapshot_20260731.tsv
SUM-159_NLS_4N_O2_A7_seed	4N	20.5_20.5_2_1_0.5_0.3_0.2_0.1_0	56	61	423502	correctedCount	2	3793987.5	2314536	5273439	correctedCount	TRUE	TRUE	TRUE	/Users/4482173/Documents/GitHub/soft_coupling/data/InVitroData/cloneid_passaging_sum159_snapshot_20260731.tsv
SUM-159_NLS_4N_C_A8_seed	4N	20.5_20.5_20.5_20.5_20.5_20.5_20.5_20.5_20.5_20.5	44	47	1532740	correctedCount	1	9561746	9561746	9561746	correctedCount	TRUE	TRUE	TRUE	/Users/4482173/Documents/GitHub/soft_coupling/data/InVitroData/cloneid_passaging_sum159_snapshot_20260731.tsv
SUM-159_NLS_4N_O1_A7K_seed	4N	20.5_20.5_2_1_0.5_0.3_0.2_0.1_0_1	61	75	1677881	correctedCount	1	7111185	7111185	7111185	correctedCount	TRUE	TRUE	TRUE	/Users/4482173/Documents/GitHub/soft_coupling/data/InVitroData/cloneid_passaging_sum159_snapshot_20260731.tsv
SUM-159_NLS_4N_O2_A7K_seed	4N	20.5_20.5_2_1_0.5_0.3_0.2_0.1_0_1	61	75	1600052	correctedCount	1	7379028	7379028	7379028	correctedCount	TRUE	TRUE	TRUE	/Users/4482173/Documents/GitHub/soft_coupling/data/InVitroData/cloneid_passaging_sum159_snapshot_20260731.tsv
SUM-159_NLS_4N_O1_A8_seed	4N	20.5_20.5_2_1_0.5_0.3_0.2_0.1_0_0	61	65	358294	correctedCount	2	3418780	1004803	5832757	correctedCount	TRUE	TRUE	TRUE	/Users/4482173/Documents/GitHub/soft_coupling/data/InVitroData/cloneid_passaging_sum159_snapshot_20260731.tsv
SUM-159_NLS_4N_O2_A8_seed	4N	20.5_20.5_2_1_0.5_0.3_0.2_0.1_0_0	61	65	281867	correctedCount	2	3544101.5	1254332	5833871	correctedCount	TRUE	TRUE	TRUE	/Users/4482173/Documents/GitHub/soft_coupling/data/InVitroData/cloneid_passaging_sum159_snapshot_20260731.tsv
SUM-159_NLS_4N_C_A9_seed	4N	20.5_20.5_20.5_20.5_20.5_20.5_20.5_20.5_20.5_20.5_20.5	47	49	955684	correctedCount	1	8405530	8405530	8405530	correctedCount	TRUE	TRUE	TRUE	/Users/4482173/Documents/GitHub/soft_coupling/data/InVitroData/cloneid_passaging_sum159_snapshot_20260731.tsv
SUM-159_NLS_4N_O1_A9_seed	4N	20.5_20.5_2_1_0.5_0.3_0.2_0.1_0_0_0	65	70	515769	correctedCount	2	3101297.5	1457075	4745520	correctedCount	TRUE	TRUE	TRUE	/Users/4482173/Documents/GitHub/soft_coupling/data/InVitroData/cloneid_passaging_sum159_snapshot_20260731.tsv
SUM-159_NLS_4N_O2_A9_seed	4N	20.5_20.5_2_1_0.5_0.3_0.2_0.1_0_0_0	65	70	565898	correctedCount	2	3109096	1483811	4734381	correctedCount	TRUE	TRUE	TRUE	/Users/4482173/Documents/GitHub/soft_coupling/data/InVitroData/cloneid_passaging_sum159_snapshot_20260731.tsv
SUM-159_NLS_4N_C_A10_seed	4N	20.5_20.5_20.5_20.5_20.5_20.5_20.5_20.5_20.5_20.5_20.5_20.5	49	52	728507	correctedCount	1	9314937	9314937	9314937	correctedCount	TRUE	TRUE	TRUE	/Users/4482173/Documents/GitHub/soft_coupling/data/InVitroData/cloneid_passaging_sum159_snapshot_20260731.tsv
SUM-159_NLS_4N_O1_A10_seed	4N	20.5_20.5_2_1_0.5_0.3_0.2_0.1_0_0_0_0	70	75	447817	correctedCount	2	2887972.5	1044906	4731039	correctedCount	TRUE	TRUE	TRUE	/Users/4482173/Documents/GitHub/soft_coupling/data/InVitroData/cloneid_passaging_sum159_snapshot_20260731.tsv
SUM-159_NLS_4N_O2_A10_seed	4N	20.5_20.5_2_1_0.5_0.3_0.2_0.1_0_0_0_0	70	75	507971	correctedCount	2	3202112	1259902	5144322	correctedCount	TRUE	TRUE	TRUE	/Users/4482173/Documents/GitHub/soft_coupling/data/InVitroData/cloneid_passaging_sum159_snapshot_20260731.tsv
SUM-159_NLS_4N_C_A11_seed	4N	20.5_20.5_20.5_20.5_20.5_20.5_20.5_20.5_20.5_20.5_20.5_20.5_20.5	52	54	512549	correctedCount	1	4394883	4394883	4394883	correctedCount	TRUE	TRUE	TRUE	/Users/4482173/Documents/GitHub/soft_coupling/data/InVitroData/cloneid_passaging_sum159_snapshot_20260731.tsv
SUM-159_NLS_4N_O1_A11_seed	4N	20.5_20.5_2_1_0.5_0.3_0.2_0.1_0_0_0_0_0	75	80	451159	correctedCount	2	3795859	2204550	5387168	correctedCount	TRUE	TRUE	TRUE	/Users/4482173/Documents/GitHub/soft_coupling/data/InVitroData/cloneid_passaging_sum159_snapshot_20260731.tsv
SUM-159_NLS_4N_O2_A11_seed	4N	20.5_20.5_2_1_0.5_0.3_0.2_0.1_0_0_0_0_0	75	80	404372	correctedCount	2	4413000	3703957	5122043	correctedCount	TRUE	TRUE	TRUE	/Users/4482173/Documents/GitHub/soft_coupling/data/InVitroData/cloneid_passaging_sum159_snapshot_20260731.tsv
SUM-159_NLS_4N_C_A12_seed	4N	20.5_20.5_20.5_20.5_20.5_20.5_20.5_20.5_20.5_20.5_20.5_20.5_20.5_20.5	54	57	537090	correctedCount	1	8632005	8632005	8632005	correctedCount	TRUE	TRUE	TRUE	/Users/4482173/Documents/GitHub/soft_coupling/data/InVitroData/cloneid_passaging_sum159_snapshot_20260731.tsv
SUM-159_NLS_4N_O1_A12_seed	4N	20.5_20.5_2_1_0.5_0.3_0.2_0.1_0_0_0_0_0_0	80	85	465640	correctedCount	2	3108538.5	2131028	4086049	correctedCount	TRUE	TRUE	TRUE	/Users/4482173/Documents/GitHub/soft_coupling/data/InVitroData/cloneid_passaging_sum159_snapshot_20260731.tsv
SUM-159_NLS_4N_O2_A12_seed	4N	20.5_20.5_2_1_0.5_0.3_0.2_0.1_0_0_0_0_0_0	80	85	570354	correctedCount	2	3715653.5	2591099	4840208	correctedCount	TRUE	TRUE	TRUE	/Users/4482173/Documents/GitHub/soft_coupling/data/InVitroData/cloneid_passaging_sum159_snapshot_20260731.tsv
SUM-159_NLS_4N_O1_A13_seed	4N	20.5_20.5_2_1_0.5_0.3_0.2_0.1_0_0_0_0_0_0_0	85	87	764185	correctedCount	1	1605234	1605234	1605234	correctedCount	TRUE	TRUE	TRUE	/Users/4482173/Documents/GitHub/soft_coupling/data/InVitroData/cloneid_passaging_sum159_snapshot_20260731.tsv
SUM-159_NLS_4N_O2_A13_seed	4N	20.5_20.5_2_1_0.5_0.3_0.2_0.1_0_0_0_0_0_0_0	85	87	623824	correctedCount	1	1714403	1714403	1714403	correctedCount	TRUE	TRUE	TRUE	/Users/4482173/Documents/GitHub/soft_coupling/data/InVitroData/cloneid_passaging_sum159_snapshot_20260731.tsv
SUM-159_NLS_4N_O1_A14_seed	4N	20.5_20.5_2_1_0.5_0.3_0.2_0.1_0_0_0_0_0_0_0_0	87	97	444475	correctedCount	3	6537901	4345604	7571667	correctedCount	TRUE	TRUE	TRUE	/Users/4482173/Documents/GitHub/soft_coupling/data/InVitroData/cloneid_passaging_sum159_snapshot_20260731.tsv
SUM-159_NLS_4N_O2_A14_seed	4N	20.5_20.5_2_1_0.5_0.3_0.2_0.1_0_0_0_0_0_0_0_0	87	97	465640	correctedCount	3	4751090	2611150	6448783	correctedCount	TRUE	TRUE	TRUE	/Users/4482173/Documents/GitHub/soft_coupling/data/InVitroData/cloneid_passaging_sum159_snapshot_20260731.tsv
SUM-159_NLS_4N_O1_A15_seed	4N	20.5_20.5_2_1_0.5_0.3_0.2_0.1_0_0_0_0_0_0_0_0_0	97	108	296317	correctedCount	5	1990668	399916	6271662	correctedCount	TRUE	TRUE	TRUE	/Users/4482173/Documents/GitHub/soft_coupling/data/InVitroData/cloneid_passaging_sum159_snapshot_20260731.tsv
SUM-159_NLS_4N_O2_A15_seed	4N	20.5_20.5_2_1_0.5_0.3_0.2_0.1_0_0_0_0_0_0_0_0_0	97	108	613799	correctedCount	4	5492438.5	2545426	6952299	correctedCount	TRUE	TRUE	TRUE	/Users/4482173/Documents/GitHub/soft_coupling/data/InVitroData/cloneid_passaging_sum159_snapshot_20260731.tsv
SUM-159_NLS_4N_O1_A16_seed	4N	20.5_20.5_2_1_0.5_0.3_0.2_0.1_0_0_0_0_0_0_0_0_0_0	108	122	403258	correctedCount	5	4119468	1325627	8329168	correctedCount	TRUE	TRUE	TRUE	/Users/4482173/Documents/GitHub/soft_coupling/data/InVitroData/cloneid_passaging_sum159_snapshot_20260731.tsv
SUM-159_NLS_4N_O2_A16_seed	4N	20.5_20.5_2_1_0.5_0.3_0.2_0.1_0_0_0_0_0_0_0_0_0_0	108	122	341989	correctedCount	6	1980085.5	365383	7310998	correctedCount	TRUE	TRUE	TRUE	/Users/4482173/Documents/GitHub/soft_coupling/data/InVitroData/cloneid_passaging_sum159_snapshot_20260731.tsv
SUM-159_NLS_4N_O1_A17_seed	4N	20.5_20.5_2_1_0.5_0.3_0.2_0.1_0_0_0_0_0_0_0_0_0_0_0	122	127	824339	correctedCount	2	5240681	4221954	6259408	correctedCount	TRUE	TRUE	TRUE	/Users/4482173/Documents/GitHub/soft_coupling/data/InVitroData/cloneid_passaging_sum159_snapshot_20260731.tsv
SUM-159_NLS_4N_O2_A17_seed	4N	20.5_20.5_2_1_0.5_0.3_0.2_0.1_0_0_0_0_0_0_0_0_0_0_0	122	127	841049	correctedCount	2	5137638	4266512	6008764	correctedCount	TRUE	TRUE	TRUE	/Users/4482173/Documents/GitHub/soft_coupling/data/InVitroData/cloneid_passaging_sum159_snapshot_20260731.tsv
SUM-159_NLS_4N_O1_A18_seed	4N	20.5_20.5_2_1_0.5_0.3_0.2_0.1_0_0_0_0_0_0_0_0_0_0_0_0	127	132	627166	correctedCount	2	2687457	1064957	4309957	correctedCount	TRUE	TRUE	TRUE	/Users/4482173/Documents/GitHub/soft_coupling/data/InVitroData/cloneid_passaging_sum159_snapshot_20260731.tsv
SUM-159_NLS_4N_O2_A18_seed	4N	20.5_20.5_2_1_0.5_0.3_0.2_0.1_0_0_0_0_0_0_0_0_0_0_0_0	127	132	584835	correctedCount	2	2557680	971384	4143976	correctedCount	TRUE	TRUE	TRUE	/Users/4482173/Documents/GitHub/soft_coupling/data/InVitroData/cloneid_passaging_sum159_snapshot_20260731.tsv
SUM-159_NLS_4N_O1_A19_seed	4N	20.5_20.5_2_1_0.5_0.3_0.2_0.1_0_0_0_0_0_0_0_0_0_0_0_0_0	132	138	601545	correctedCount	3	2392812	1010373	5339267	correctedCount	TRUE	TRUE	TRUE	/Users/4482173/Documents/GitHub/soft_coupling/data/InVitroData/cloneid_passaging_sum159_snapshot_20260731.tsv
SUM-159_NLS_4N_O2_A19_seed	4N	20.5_20.5_2_1_0.5_0.3_0.2_0.1_0_0_0_0_0_0_0_0_0_0_0_0_0	132	138	636078	correctedCount	2	2756523.5	1782355	3730692	correctedCount	TRUE	TRUE	TRUE	/Users/4482173/Documents/GitHub/soft_coupling/data/InVitroData/cloneid_passaging_sum159_snapshot_20260731.tsv
SUM-159_NLS_4N_O1_A20_seed	4N	20.5_20.5_2_1_0.5_0.3_0.2_0.1_0_0_0_0_0_0_0_0_0_0_0_0_0_0	138	141	812086	correctedCount	1	4743292	4743292	4743292	correctedCount	TRUE	TRUE	TRUE	/Users/4482173/Documents/GitHub/soft_coupling/data/InVitroData/cloneid_passaging_sum159_snapshot_20260731.tsv
SUM-159_NLS_4N_O2_A20_seed	4N	20.5_20.5_2_1_0.5_0.3_0.2_0.1_0_0_0_0_0_0_0_0_0_0_0_0_0_0	138	141	981409	correctedCount	1	4631895	4631895	4631895	correctedCount	TRUE	TRUE	TRUE	/Users/4482173/Documents/GitHub/soft_coupling/data/InVitroData/cloneid_passaging_sum159_snapshot_20260731.tsv
SUM-159_NLS_4N_O1_A21_seed	4N	20.5_20.5_2_1_0.5_0.3_0.2_0.1_0_0_0_0_0_0_0_0_0_0_0_0_0_0_0	141	146	607115	correctedCount	2	5429313	3356397	7502229	correctedCount	TRUE	TRUE	TRUE	/Users/4482173/Documents/GitHub/soft_coupling/data/InVitroData/cloneid_passaging_sum159_snapshot_20260731.tsv
SUM-159_NLS_4N_O2_A21_seed	4N	20.5_20.5_2_1_0.5_0.3_0.2_0.1_0_0_0_0_0_0_0_0_0_0_0_0_0_0_0	141	146	678409	correctedCount	2	5328684.5	3204897	7452472	correctedCount	TRUE	TRUE	TRUE	/Users/4482173/Documents/GitHub/soft_coupling/data/InVitroData/cloneid_passaging_sum159_snapshot_20260731.tsv
SUM-159_NLS_4N_O1_A22_seed	4N	20.5_20.5_2_1_0.5_0.3_0.2_0.1_0_0_0_0_0_0_0_0_0_0_0_0_0_0_0_0	146	151	618254	correctedCount	2	5397750.5	3558026	7237475	correctedCount	TRUE	TRUE	TRUE	/Users/4482173/Documents/GitHub/soft_coupling/data/InVitroData/cloneid_passaging_sum159_snapshot_20260731.tsv
SUM-159_NLS_4N_O2_A22_seed	4N	20.5_20.5_2_1_0.5_0.3_0.2_0.1_0_0_0_0_0_0_0_0_0_0_0_0_0_0_0_0	146	151	559214	correctedCount	2	5082496.5	3201555	6963438	correctedCount	TRUE	TRUE	TRUE	/Users/4482173/Documents/GitHub/soft_coupling/data/InVitroData/cloneid_passaging_sum159_snapshot_20260731.tsv
