segment_id	cohort	lineage_passage	passage_index	oxygen_pct	selected_day	predicted_mean_chromosome	live_burden_fraction	direct_hypoxia_death_burden_fraction	nonviable_daughter_burden_fraction
20.5	2N	1	1	20.5	14	46.5913939880635	0.807427031431324	5.92079793672469e-05	0.192513760589307
20.5_20.5	2N	2	2	20.5	1	46.6295390504942	0.865567577076573	2.32185534575879e-05	0.134409204369968
20.5_20.5_2	2N	3	4	2	3	47.0168771482971	0.491444922773715	0.00167892300600997	0.506876154220274
20.5_20.5_2_1	2N	4	6	1	5	47.5145271317501	0.445509926695032	0.00371567248902191	0.550774400815949
20.5_20.5_2_1_0.5	2N	5	8	0.5	5	47.9228318631983	0.449698706867974	0.0051160622611186	0.545185230870909
20.5_20.5_2_1_0.5_0.3	2N	6	10	0.3	5	48.3370949558126	0.45263332621768	0.00564622921906795	0.541720444563252
20.5_20.5_2_1_0.5_0.3_0.2	2N	7	12	0.2	5	48.7912907072721	0.455188835910174	0.00590435084285014	0.538906813246973
20.5_20.5_2_1_0.5_0.3_0.2_0.1	2N	8	14	0.1	5	49.2924055394676	0.457870097201125	0.00612047680140241	0.536009425997477
20.5_20.5_2_1_0.5_0.3_0.2_0.1_0	2N	9	16	0	5	49.8553781776622	0.4607215476347	0.0062804478133418	0.532998004551958
20.5_20.5_2_1_0.5_0.3_0.2_0.1_0_0	2N	10	19	0	4	50.3606752078263	0.486379714772812	0.00611681498662264	0.507503470240565
20.5_20.5_2_1_0.5_0.3_0.2_0.1_0_0_0	2N	11	21	0	7	51.3711515683112	0.443138263415529	0.00688883999765244	0.549972896586815
20.5_20.5_2_1_0.5_0.3_0.2_0.1_0_0_0_0	2N	12	23	0	5	52.1961557854691	0.47245469872887	0.00676866772273565	0.520776633548394
20.5_20.5_2_1_0.5_0.3_0.2_0.1_0_0_0_0_0	2N	13	25	0	5	53.1089789804734	0.47718289086536	0.00696557306692812	0.515851536067709
20.5_20.5_2_1_0.5_0.3_0.2_0.1_0_0_0_0_0_0	2N	14	27	0	7	54.5307035485779	0.459791744569899	0.0076075267192109	0.532600728710893
20.5_20.5_2_1_0.5_0.3_0.2_0.1_0_0_0_0_0_0_0	2N	15	28	0	6	55.8709307183284	0.477222799763555	0.00779298059277592	0.514984219643671
20.5_20.5_2_1_0.5_0.3_0.2_0.1_0_0_0_0_0_0_0_0	2N	16	29	0	7	57.5474976712474	0.477026222659383	0.00834538817504031	0.514628389165575
20.5_20.5_2_1_0.5_0.3_0.2_0.1_0_0_0_0_0_0_0_0_0	2N	17	30	0	4	58.5426267642032	0.530339007739303	0.00786622858653208	0.461794763674167
20.5_20.5_2_1_0.5_0.3_0.2_0.1_0_0_0_0_0_0_0_0_0_0	2N	18	31	0	7	60.3065177378813	0.494249092325888	0.00907156155141024	0.496679346122702
20.5_20.5_2_1_0.5_0.3_0.2_0.1_0_0_0_0_0_0_0_0_0_0_0	2N	19	32	0	7	62.0337346649049	0.505949311002927	0.00955537555407694	0.484495313442996
20.5_20.5_2_1_0.5_0.3_0.2_0.1_0_0_0_0_0_0_0_0_0_0_0_0	2N	20	33	0	5	63.1979525195805	0.538265482978529	0.00944535818036074	0.452289158841115
20.5_20.5_2_1_0.5_0.3_0.2_0.1_0_0_0_0_0_0_0_0_0_0_0_0_0	2N	21	34	0	5	64.2663707428182	0.546244994212983	0.0097506135475008	0.444004392239517
20.5_20.5_2_1_0.5_0.3_0.2_0.1_0_0_0_0_0_0_0_0_0_0_0_0_0_0	2N	22	35	0	5	65.2034099003692	0.55379317058548	0.0100294065547071	0.436177422859816
20.5_20.5_2_1_0.5_0.3_0.2_0.1_0_0_0_0_0_0_0_0_0_0_0_0_0_0_0	2N	23	36	0	5	65.9701527800754	0.560668785044326	0.0102691638820035	0.429062051073672
20.5_20.5_2_1_0.5_0.3_0.2_0.1_0_0_0_0_0_0_0_0_0_0_0_0_0_0_0_0	2N	24	37	0	3	66.3298448479012	0.619253186084239	0.00911061653189634	0.371636197383865
20.5_20.5_2_1_0.5_0.3_0.2_0.1_0_0_0_0_0_0_0_0_0_0_0_0_0_0_0_0_0	2N	25	38	0	5	66.7229373741988	0.569617825154765	0.0105335810925229	0.419848593752711
20.5	4N	1	1	20.5	14	84.3382979866061	0.857765585242145	0.000155091568181724	0.142079323189675
20.5_20.5	4N	2	2	20.5	1	84.3970026515017	0.899996520555166	4.79516255750111e-05	0.0999555278192586
20.5_20.5_2	4N	3	4	2	2	84.4677048008185	0.765207799981029	0.00375396874169672	0.231038231277274
20.5_20.5_2_1	4N	4	6	1	4	84.4475714386375	0.720089470638731	0.00982507530255067	0.270085454058718
20.5_20.5_2_1_0.5	4N	5	8	0.5	4	84.3607338642628	0.723318130635341	0.0136936787322712	0.262988190632391
20.5_20.5_2_1_0.5_0.3	4N	6	10	0.3	5	84.2215052768679	0.707047400117564	0.0158420109653875	0.277110588917048
20.5_20.5_2_1_0.5_0.3_0.2	4N	7	12	0.2	5	84.0632400527653	0.705887764498598	0.0163070281600764	0.277805207341325
20.5_20.5_2_1_0.5_0.3_0.2_0.1	4N	8	14	0.1	5	83.8891577846031	0.704592856162952	0.0165898959559777	0.27881724788107
20.5_20.5_2_1_0.5_0.3_0.2_0.1_0	4N	9	16	0	5	83.7039472218233	0.703166269828558	0.0166508741288482	0.280182856042592
20.5_20.5_2_1_0.5_0.3_0.2_0.1_0_0	4N	10	19	0	4	83.550512974038	0.718935625508436	0.0156370700758733	0.265427304415692
20.5_20.5_2_1_0.5_0.3_0.2_0.1_0_0_0	4N	11	21	0	5	83.3535286214153	0.700449450574326	0.0165097976020603	0.283040751823614
20.5_20.5_2_1_0.5_0.3_0.2_0.1_0_0_0_0	4N	12	23	0	5	83.1522648508864	0.69893214461255	0.0164292672753822	0.284638588112069
20.5_20.5_2_1_0.5_0.3_0.2_0.1_0_0_0_0_0	4N	13	25	0	5	82.9482243716327	0.697419325243178	0.0163479710594841	0.286232703697338
20.5_20.5_2_1_0.5_0.3_0.2_0.1_0_0_0_0_0_0	4N	14	27	0	5	82.7427921747706	0.695918106552016	0.0162664596972164	0.287815433750767
20.5_20.5_2_1_0.5_0.3_0.2_0.1_0_0_0_0_0_0_0	4N	15	28	0	2	82.6605153398915	0.783379445615228	0.0115222568869189	0.205098297497853
20.5_20.5_2_1_0.5_0.3_0.2_0.1_0_0_0_0_0_0_0_0	4N	16	29	0	7	82.3734299703968	0.674618593738546	0.0171121369570092	0.308269269304445
20.5_20.5_2_1_0.5_0.3_0.2_0.1_0_0_0_0_0_0_0_0_0	4N	17	30	0	7	82.0898260137397	0.672544304240014	0.0169910815823845	0.310464614177601
20.5_20.5_2_1_0.5_0.3_0.2_0.1_0_0_0_0_0_0_0_0_0_0	4N	18	31	0	8	81.7729688836232	0.665289782751236	0.0171142264420529	0.317595990806712
20.5_20.5_2_1_0.5_0.3_0.2_0.1_0_0_0_0_0_0_0_0_0_0_0	4N	19	32	0	5	81.5800552962523	0.687714847611742	0.0158108478029812	0.296474304585278
20.5_20.5_2_1_0.5_0.3_0.2_0.1_0_0_0_0_0_0_0_0_0_0_0_0	4N	20	33	0	5	81.391735169999	0.686420601309898	0.0157379092231879	0.297841489466912
20.5_20.5_2_1_0.5_0.3_0.2_0.1_0_0_0_0_0_0_0_0_0_0_0_0_0	4N	21	34	0	5	81.2084355672828	0.685167837098262	0.0156671507478252	0.299165012153915
20.5_20.5_2_1_0.5_0.3_0.2_0.1_0_0_0_0_0_0_0_0_0_0_0_0_0_0	4N	22	35	0	3	81.1010086650038	0.729666449145516	0.0133746089647549	0.256958941889729
20.5_20.5_2_1_0.5_0.3_0.2_0.1_0_0_0_0_0_0_0_0_0_0_0_0_0_0_0	4N	23	36	0	5	80.9264048115129	0.683252361091789	0.0155587058203284	0.301188933087882
20.5_20.5_2_1_0.5_0.3_0.2_0.1_0_0_0_0_0_0_0_0_0_0_0_0_0_0_0_0	4N	24	37	0	5	80.7575262969709	0.682111731339844	0.0154940112220266	0.302394257438128
